{
    "MSE": 0.3021337591474515,
    "R2": 0.5376724557046724
}