{
    "MSE": 0.30123812499999997,
    "R2": 0.5390429623873638
}